nombre_producto,precio_regular,precio_oferta,descripcion_corta,cantidad_presentacion,categoria,slug,stock
Candida Cleanse - Limpieza Interna Natural para Recuperar el Equilibrio Digestivo,110.9,79.9,"¿Te sientes hinchado, pesado o sin energía aunque comas bien? No estás solo. El desequilibrio interno es una de las principales razones por las que muchas personas se sienten incómodas, cansadas y con digestiones lentas. Candida Cleanse ha sido creado para quienes buscan sentirse livianos otra vez, recuperar el equilibrio interno y apoyar su bienestar digestivo de forma natural. Es más que un suplemento: es un reset interno para tu cuerpo. Lo que Candida Cleanse puede hacer por ti Ayuda a limpiar suavemente el sistema digestivo Favorece el equilibrio natural de la flora intestinal Reduce la sensación de hinchazón y pesadez Apoya una digestión más cómoda y regular Contribuye a sentirte con más energía y bienestar Fórmula Natural que Trabaja Desde el Interior Nuestra fórmula combina ingredientes naturales cuidadosamente seleccionados, utilizados tradicionalmente para apoyar procesos de limpieza interna y equilibrio digestivo, sin químicos agresivos. Ideal para quienes desean: Sentirse más ligeros Mejorar su confort digestivo Acompañar dietas detox o cambios de hábitos Cuidar su cuerpo de manera natural Modo de uso recomendado Dosis diaria: Tomar 2 cápsulas al día. Cuándo tomarlas: Lo ideal es 1 cápsula por la mañana, junto con el desayuno, y 1 cápsula por la noche, después de la cena. Si lo prefieres, también puedes tomar ambas cápsulas juntas después de una comida principal. Cómo acompañarlas: Siempre con un vaso de agua para favorecer la absorción. Duración sugerida: Se recomienda usarlo de manera continua durante al menos 30 días para obtener mejores resultados y hasta 8-12 semanas si lo indica tu plan o profesional de salud. Advertencias Producto para adultos. No usar durante embarazo o lactancia. Si usas medicamentos o tienes condiciones de salud específicas, consulta a tu médico antes de comenzar. Consejos adicionales para mejores resultados Combínalo con una dieta baja en azúcares y carbohidratos refinados, mucha agua y hábitos saludables generales (como ejercicio moderado). Algunas personas pueden notar un ""efecto detox"" leve al inicio (por ejemplo, gases o malestar temporal), lo cual puede ser normal; si es intenso, consulta a un profesional. Compra con confianza Fórmula de calidad Apto para hombres y mujeres Ideal para uso diario Pensado para tu bienestar integral",,Digestive Supplements,candida-cleanse-limpieza-interna-natural-para-recuperar-el-equilibrio-digestivo,90
BBL Gomitas SOTTCOR - Aguaje y Maca Roja (130 Gomitas),60.0,48.0,"¡Potencia tu figura y energía de forma natural! ¿Buscas resaltar tus curvas y sentirte con más vitalidad? Nuestras BBL Gomitas combinan superalimentos como el Aguaje y la Maca Roja para ayudarte a lograr tu mejor versión. Efecto Moldeador: Favorece el crecimiento y firmeza en glúteos y pechos. Equilibrio Hormonal: Ayuda a regular las hormonas de manera natural. Energía y Rendimiento: Mejora tu resistencia durante el entrenamiento. Bienestar Femenino: Contribuye a mejorar la fertilidad y reducir la inflamación post-ejercicio. Detalles del producto: Ingredientes Clave: Aguaje, Maca Roja, Garcinia Cambogia y Magnesio. Contenido: 130 gomitas (Tratamiento para 43 días). Dosis: 3 gomitas diarias. Certificaciones: Libre de gluten, lactosa y GMO. Registro Sanitario: G7706724N. ¡Siéntete segura, activa y radiante!",130 gomitas,Herbal Supplements,bbl-gomitas-sottcor-aguaje-y-maca-roja-130-gomitas,100
Colágeno con Biotina Gomitas SOTTCOR - 130 Gomitas,60.0,48.0,"¡Tu secreto de belleza en una gomita! ¿Cansada de cápsulas difíciles de tragar? Cuida tu piel, cabello y uñas de la forma más rica. Nuestras gomitas están diseñadas para resaltar tu brillo natural y fortalecer tu cuerpo desde el interior. Piel Radiante: Incrementa la hidratación para una apariencia más saludable. Cabello y Uñas: La Biotina mejora la producción de queratina, promoviendo el crecimiento y la resistencia. Articulaciones Fuertes: Ayuda a mantener la salud y movilidad de tus articulaciones. Cicatrización: Acelera la reparación de heridas y la regeneración de tejidos. ¡Empieza hoy tu cambio! Detalles del producto: Fórmula Completa: Contiene 14 elementos esenciales, incluyendo Vitaminas y Minerales. Contenido: 130 gomitas (Tratamiento para 43 días). Modo de uso: Solo 3 gomitas diarias. Garantía de Calidad: Libre de gluten, lactosa y GMO. Registro Sanitario: G7704224N. ¡Empieza hoy tu cambio y siéntete increíble!",130 gomitas,Collagen,colageno-con-biotina-gomitas-sottcor-130-gomitas,100
Gomitas RE.NA.C. Sottcor - Resveratrol y Vitamina B3,60.0,48.0,"¡Renace desde el interior con el poder del Resveratrol! ¿Quieres detener el paso del tiempo en tu piel? Descubre RE.NA.C., nuestra fórmula avanzada en gomitas diseñada para proteger tus células y devolverle la vitalidad a tu rostro y cuerpo. ⏳ Efecto Anti-edad: Retrasa el envejecimiento celular de forma natural. Piel de Seda: Favorece la producción de colágeno y fortalece la barrera cutánea. Escudo Protector: Protege contra el daño celular oxidativo gracias a sus antioxidantes. Energía Vital: Aumenta tu energía a nivel celular para sentirte renovada. Detalles del producto: Ingredientes Estrella: Uva en polvo (Resveratrol) y Vitamina B3 (NAD). Contenido: 130 gomitas (Tratamiento para más de un mes). Calidad Premium: Fórmula con ingredientes científicamente respaldados. Certificaciones: Libre de gluten, lactosa y GMO. ¡Regálale a tu piel el cuidado que merece!",130 gomitas,Herbal Supplements,gomitas-re-na-c-sottcor-resveratrol-y-vitamina-b3,100
Gomitas GOFOS Sottcor - Fibra Prebiótica y Probióticos (130 Gomitas),60.0,48.0,"¡Tu bienestar empieza desde adentro! ¿Sientes pesadez o mala digestión? Nuestras gomitas GOFOS son el aliado perfecto para cuidar tu salud intestinal de forma deliciosa y práctica. Gracias a su combinación de fibra prebiótica y probióticos, recuperarás tu ligereza natural. Digestión Eficiente: Ayudan a mantener un sistema digestivo saludable y regular. Equilibrio de la Microbiota: Incrementa las bacterias beneficiosas para tu intestino. Defensa Natural: Los probióticos defienden tu sistema de microorganismos nocivos y fortalecen la inmunidad. Mejor Absorción: Facilita que tu cuerpo aproveche al máximo las vitaminas y minerales de tus alimentos. Detalles del producto: Ingredientes Clave: Fibra Prebiótica y Probióticos. Contenido: 130 gomitas (Tratamiento para 43 días). Dosis: 3 gomitas diarias. Garantía: Registro Sanitario G7709424N. Libre de gluten, lactosa y GMO. ¡Siéntete ligero y protegido todos los días!",130 gomitas,Digestive Supplements,gomitas-gofos-sottcor-fibra-prebiotica-y-probioticos-130-gomitas,100
Gomitas de Cúrcuma + Pimienta Negra Sottcor (130 Gomitas),60.0,48.0,"¡Dile adiós a las molestias y protege tu cuerpo naturalmente! ¿Sientes pesadez abdominal o dolores articulares? Nuestras gomitas de Cúrcuma potenciadas con Pimienta Negra son el aliado perfecto para combatir la inflamación y fortalecer tu salud diaria con un sabor delicioso. Alivio de la Inflamación: Reduce significativamente las molestias, especialmente en el área abdominal. Cuidado Articular: Disminuye dolores en las articulaciones, ideal para quienes sufren de artritis o reumatismo. Potente Antioxidante: Protege tus células del daño oxidativo y ayuda a prevenir el envejecimiento prematuro. Protección Total: Contribuye a combatir el hígado graso y ayuda a controlar la presión arterial. Detalles del producto: Fórmula Avanzada: Cúrcuma con Pimienta Negra para una máxima absorción. Contenido: 130 gomitas (Tratamiento para 43 días). Dosis: 3 gomitas al día. Certificaciones: Libre de gluten, lactosa y GMO. Registro Sanitario G7714824N. ¡Recupera tu bienestar y muévete sin límites!",130 gomitas,Herbal Supplements,gomitas-de-curcuma-pimienta-negra-sottcor-130-gomitas,100
Gomitas de Citrato de Magnesio Sottcor (130 Gomitas),60.0,48.0,"¡Regálale a tu cuerpo el descanso y la calma que necesita! ¿Sufres de estrés, falta de sueño o migrañas constantes? Nuestras gomitas de Citrato de Magnesio enriquecidas con miel son la solución natural para equilibrar tu sistema nervioso y mejorar tu calidad de vida de forma deliciosa. Descanso Reparador: Favorece un sueño profundo y de mejor calidad. Adiós al Estrés: Ayuda a reducir significativamente los niveles de estrés y ansiedad diaria. Bienestar Cerebral: Contribuye a la transmisión adecuada de señales nerviosas y ayuda a prevenir migrañas. Apoyo Digestivo: Ayuda a aliviar el estreñimiento, mejorando el tránsito intestinal de manera suave. Detalles del producto: Fórmula Especial: Enriquecida con miel para un beneficio extra y gran sabor. Contenido: 130 gomitas (Tratamiento para 43 días). Dosis: Solo 3 gomitas diarias. Garantía: Registro Sanitario G7703724N. Libre de gluten, lactosa y GMO. ¡Recupera tu energía y vive en equilibrio!",130 gomitas,Minerals,gomitas-de-citrato-de-magnesio-sottcor-130-gomitas,100
Gomitas de Espirulina + Selenio Sottcor (130 Gomitas),60.0,48.0,"¡Limpia tu cuerpo y refuerza tus defensas naturalmente! ¿Sientes que tu cuerpo necesita un ""reset""? Nuestras gomitas de Espirulina y Selenio son el superalimento ideal para eliminar lo que tu cuerpo no necesita y proteger tu salud desde el interior. Una fórmula potente diseñada para una desintoxicación profunda y un sistema inmune invencible. Desintoxicación Total: Ayuda a eliminar toxinas y metales pesados acumulados en el cuerpo. Defensas Imbatibles: Fortalece el sistema inmunológico, mejorando la respuesta de tu organismo. Salud Tiroidea: Protege la tiroides del daño oxidativo y reduce la inflamación. Cuidado Cardiovascular: Ayuda a disminuir los niveles de colesterol LDL (malo) y triglicéridos. Poder Antioxidante: Combate los radicales libres para prevenir el envejecimiento celular. Detalles del producto: Fórmula Enriquecida: Contiene Zinc y Vitaminas A y E para un soporte nutricional completo. Contenido: 130 gomitas (Tratamiento para 43 días). Dosis: Solo 3 gomitas diarias. Garantía: Registro Sanitario G7704524N. Libre de gluten, lactosa y GMO. ¡Siéntete más ligero, protegido y lleno de vida!",130 gomitas,Herbal Supplements,gomitas-de-espirulina-selenio-sottcor-130-gomitas,97
Gomitas Maca Negra + Huanarpo Macho Sottcor (100 Gomitas),60.0,48.0,"¡Recupera tu vitalidad y potencia tu rendimiento! ¿Sientes cansancio acumulado o falta de energía en tu día a día? Nuestras gomitas de Maca Negra y Huanarpo Macho son el suplemento natural definitivo para potenciar tu fuerza, mejorar tu desempeño y mantener un equilibrio hormonal saludable. Energía Total: Aumenta la vitalidad y combate el cansancio físico de forma efectiva. Desempeño Potenciado: Incrementa la libido y optimiza la función sexual. Balance Hormonal: Promueve el equilibrio de las hormonas en el cuerpo. Menos Estrés: Ayuda a calmar y mejorar la respuesta del organismo ante el estrés diario. Salud Integral: Favorece el bienestar de la próstata y el sistema urinario. Detalles del producto: Fórmula Potenciada: Contiene Achiote, Uña de Gato, Jengibre, Zinc, Magnesio y Vitamina D. Contenido: 100 gomitas. Dosis recomendada: Solo 3 gomitas al día. Certificaciones: Libre de gluten, lactosa y GMO. Registro Sanitario G7712424N. ¡Siéntete imparable y con energía renovada!",100 gomitas,Herbal Supplements,gomitas-maca-negra-huanarpo-macho-sottcor-100-gomitas,100
Gomitas de Hierro + Moringa y Vitaminas (130 Gomitas),60.0,48.0,"¡Fortalece tu sangre y recupera tu energía vital! ¿Te sientes cansado o con falta de ánimo durante el día? Nuestras gomitas enriquecidas con Hierro, Aceite de Moringa y Vitamina C son el apoyo nutricional perfecto para combatir la anemia y mantener tus niveles de energía al máximo. Combate la Anemia: Ayuda en el tratamiento y favorece la prevención de la anemia. Mejor Oxigenación: Facilita el transporte de oxígeno a través de la sangre a todos tus tejidos. Energía Renovada: Reduce significativamente la sensación de cansancio y fatiga diaria. Máxima Absorción: La Vitamina C aumenta la biodisponibilidad del hierro en tu organismo. Bienestar General: Ayuda a regular el nivel del apetito de forma saludable. Detalles del producto: Fórmula Reforzada: Hierro, Aceite de Moringa, Vitamina C, B9 y B12. Contenido: 130 gomitas (Tratamiento para 43 días). Dosis: Solo 3 gomitas diarias. Garantía: Registro Sanitario G7704024N. Libre de gluten, lactosa y GMO. ¡Dale a tu cuerpo la fuerza que necesita para brillar!",130 gomitas,Multivitamin Supplements,gomitas-de-hierro-moringa-y-vitaminas-130-gomitas,100
Gomitas de Calcio + Vit. D-Metionina y Ácido Fólico (130 Gomitas),60.0,48.0,"¡Huesos fuertes y músculos sanos para una vida activa! ¿Quieres proteger tu estructura ósea y asegurar que tu cuerpo funcione al 100%? Nuestras gomitas enriquecidas con Calcio y Vitamina D son el aliado esencial para prevenir el desgaste y fortalecer tus dientes y músculos de forma deliciosa. Huesos de Hierro: Apoya el desarrollo y mantenimiento óseo para evitar la osteoporosis. Sonrisa Fuerte: Fortalece los dientes y ayuda a prevenir caries o enfermedades de las encías. Función Muscular: Participa activamente en la contracción y relajación de tus músculos. Renovación Celular: El ácido fólico promueve la regeneración celular y contribuye al fortalecimiento de los huesos. Máxima Absorción: La Vitamina D facilita que tu organismo aproveche al máximo el calcio. Detalles del producto: Fórmula Completa: Calcio, Vitamina D, Metionina y Ácido Fólico enriquecidos con miel. Contenido: 130 gomitas (Tratamiento para 43 días). Dosis: Solo 3 gomitas diarias. Garantía: Registro Sanitario G7707124N. Libre de gluten, lactosa y GMO. ¡Dale a tu cuerpo el soporte que necesita para seguir adelante!",130 gomitas,Multivitamin Supplements,gomitas-de-calcio-vit-d-metionina-y-acido-folico-130-gomitas,96
Gomitas de Pitahaya Sottcor - Gran Aporte de Vitamina C (130 Gomitas),60.0,48.0,"¡Dale a tu cuerpo la fibra y vitalidad que necesita! ¿Buscas una forma natural y rica de mejorar tu digestión? Nuestras Gomitas de Pitahaya son la solución perfecta. Gracias a su alto contenido de fibra y Vitamina C, te ayudan a sentirte ligero mientras refuerzas tus defensas todos los días. Efecto Digestivo: La pitahaya es rica en fibra, promoviendo una digestión saludable y regulando el tránsito intestinal. Refuerzo Inmunológico: Su gran aporte de Vitamina C mejora la producción de glóbulos blancos para combatir infecciones. Acción Antioxidante: Protege tus células de los radicales libres, reduciendo el riesgo de envejecimiento prematuro. Salud de la Piel: Mejora la elasticidad de la piel y ayuda a reducir las líneas de expresión. Bienestar Cardiovascular: Protege las arterias y ayuda a regular los niveles de colesterol y triglicéridos. Detalles del producto: Contenido: 130 gomitas. Dosis: 3 gomitas al día. Garantía: Registro Sanitario G7714724N. Certificaciones: Libre de gluten, lactosa y GMO. ¡Mejora tu salud con el poder de la fruta!",130 gomitas,Multivitamin Supplements,gomitas-de-pitahaya-sottcor-gran-aporte-de-vitamina-c-130-gomitas,97
Gomitas de Vinagre de Manzana Sottcor + Garcinia Cambogia (130 Gomitas),60.0,48.0,"¡Tu aliado perfecto para alcanzar tu peso ideal! ¿Buscas controlar esos antojos y acelerar tu metabolismo de forma natural? Nuestras gomitas de Vinagre de Manzana combinadas con Garcinia Cambogia son la forma más deliciosa de apoyar tu proceso de pérdida de peso sin el fuerte sabor del vinagre líquido. Control de Peso: Facilita el control del apetito, favoreciendo la pérdida de peso de forma natural. Adiós a la Ansiedad: Disminuye el deseo de comer constantemente, facilitando la reducción de medidas. Equilibrio de Glucosa: Contribuye positivamente al equilibrio del nivel de azúcar en la sangre. Salud del Hígado: Ayuda a desintoxicar y mejorar la función hepática general. Estado de Ánimo: Incrementa los niveles de serotonina, ayudándote a sentirte mejor durante el día. Detalles del producto: Ingredientes Estrella: Vinagre de Manzana y Garcinia Cambogia. Contenido: 130 gomitas (Tratamiento para 43 días). Dosis: Solo 3 gomitas diarias. Garantía: Registro Sanitario G7703324N. Libre de gluten, lactosa y GMO. ¡Empieza hoy a transformar tu cuerpo con energía y salud!",130 gomitas,Herbal Supplements,gomitas-de-vinagre-de-manzana-sottcor-garcinia-cambogia-130-gomitas,100
Gomitas LIPOGOM CIDER PLUS Sottcor (130 Gomitas),60.0,48.0,"¡Potencia tu cambio hacia un estilo de vida saludable! ¿Buscas un apoyo integral para tu metabolismo y bienestar cardiovascular? LIPOGOM CIDER PLUS es nuestra fórmula más completa, diseñada para acompañarte en tu proceso de cambio de hábitos con el poder de la naturaleza en cada gomita. Control de Peso Avanzado: Gracias al vinagre de manzana y la garcinia cambogia, contribuye a una mayor sensación de saciedad. Metabolismo de Grasas: El té verde y la garcinia apoyan el uso eficiente de la energía proveniente de las grasas. Salud Cardiovascular: Enriquecidas con Omega-3 de semillas de chía para el buen funcionamiento del corazón. Energía y Músculos: El magnesio apoya la producción de energía y el funcionamiento muscular normal. Regularidad Digestiva: Mejora el tránsito intestinal gracias a su contenido de fibra dietética natural. Detalles del producto: Ingredientes Premium: Vinagre de Manzana, Semilla de Chía, Té Verde, Magnesio y Garcinia Cambogia. Contenido: 130 gomitas. Modo de Consumo: 3 gomitas diarias, preferiblemente 30 minutos después del desayuno. Garantía: Registro Sanitario G7703324N. Calidad certificada internacionalmente. ¡Alcanza tus metas con energía y salud!",130 gomitas,Herbal Supplements,gomitas-lipogom-cider-plus-sottcor-130-gomitas,100
Gomitas de Moringa Sottcor - Nutrición Celular (130 Gomitas),60.0,48.0,"¡Potencia tu vitalidad con el superalimento más completo! ¿Sientes que a tu nutrición le falta un refuerzo? Nuestras gomitas de Moringa (Aceite, Polvo y Semilla) son una fuente natural de vitaminas y minerales esenciales, diseñadas para fortalecer tu cuerpo y darte la energía que necesitas cada día. Nutrición Celular: Aporta vitaminas A, C, E, Calcio, Hierro y Potasio fundamentales para tu organismo. Sistema Inmune Invencible: Complementa tu nutrición para un soporte inmunológico integral. Energía y Vitalidad: Contribuye a mantener niveles óptimos de energía durante todo el día. Efecto Detox: Favorece los procesos naturales de desintoxicación y mejora el tránsito intestinal. Equilibrio Inflamatorio: Ayuda a controlar procesos inflamatorios, favoreciendo el bienestar general. Detalles del producto: Fórmula Multivitamínica: Enriquecida con los beneficios del aceite, polvo y semilla de moringa. Contenido: 130 gomitas. Modo de Consumo: 3 gomitas, 30 minutos después del desayuno. Garantía: Registro Sanitario G7721225N. Libre de gluten, lactosa y GMO. ¡Dale a tu cuerpo el combustible natural que merece!",130 gomitas,Multivitamin Supplements,gomitas-de-moringa-sottcor-nutricion-celular-130-gomitas,100
"Gomitas DULCE SUEÑOS Sottcor - Valeriana, Manzanilla y Toronjil (130 Gomitas)",60.0,48.0,"¡Desconéctate del estrés y regálate un descanso reparador! ¿Te cuesta conciliar el sueño o te despiertas cansada? Nuestras gomitas DULCE SUEÑOS son la combinación natural perfecta de extractos herbales diseñada para ayudarte a dormir mejor y despertar con energía renovada. Sueño Profundo: Ayuda a conciliar el sueño de forma más rápida y efectiva. Relajación Total: Promueve un estado de calma natural que facilita el descanso. Adiós a la Ansiedad: Reduce los niveles de estrés y ansiedad acumulados durante el día. Prevención del Insomnio: Ayuda a regular tus horarios de sueño de manera saludable. Alivio de Tensiones: Reduce la tensión y contribuye a disminuir la intensidad de los dolores de cabeza. Detalles del producto: Ingredientes Naturales: Valeriana, Manzanilla y Toronjil (Ahora con Taurato de Magnesio). Contenido: 130 gomitas. Modo de Consumo: De 1 a 2 gomitas diarias. Garantía: Registro Sanitario G7705124N. Libre de gluten, lactosa y GMO. ¡Dulces sueños y un despertar radiante!",130 gomitas,Herbal Supplements,gomitas-dulce-suenos-sottcor-valeriana-manzanilla-y-toronjil-130-gomitas,97
Gomitas HEPA DETOX Sottcor - Purificación y Cuidado Hepático (130 Gomitas),60.0,48.0,"¡Dale a tu hígado el cuidado y la renovación que merece! ¿Sientes pesadez o quieres limpiar tu organismo de forma natural? Nuestras gomitas HEPA DETOX están formuladas con una poderosa mezcla de alcachofa, espirulina y vitaminas para desintoxicar tu cuerpo y mejorar tu bienestar digestivo. Protección y Regeneración: Las vitaminas del complejo B favorecen la reparación y recuperación de las células hepáticas. Depuración Profunda: La espirulina ayuda a eliminar toxinas y metales pesados, evitando la sobrecarga del hígado. Equilibrio Interno: La alcachofa estimula la función del hígado, mejora la digestión de grasas y ayuda a mantener niveles saludables de colesterol. Escudo Antioxidante: Rica en flavonoides que protegen la mucosa gástrica frente al estrés oxidativo. Defensas Reforzadas: El zinc y el selenio fortalecen el sistema inmune y apoyan los procesos de reparación celular. Detalles del producto: Ingredientes Clave: Alcachofa, Espirulina, Zinc, Selenio y Vitaminas (B1, B2, B6, B9, B12, A, E) y Magnesio. Contenido: 130 gomitas. Dosis: Solo 3 gomitas diarias. Garantía: Registro Sanitario G7720225N. Libre de gluten, lactosa y GMO. ¡Limpia tu cuerpo y siéntete renovado desde adentro!",130 gomitas,Herbal Supplements,gomitas-hepa-detox-sottcor-purificacion-y-cuidado-hepatico-130-gomitas,100
"Gomitas Omega 3, 6 y 9 Sottcor - DHA, EPA y Colina (130 Gomitas)",60.0,48.0,"¡Potencia tu mente y protege tu corazón con cada gomita! ¿Buscas mejorar tu enfoque o cuidar tu salud visual? Nuestras gomitas de Omega 3, 6 y 9, enriquecidas con Colina, Vitamina B12 y Potasio, son el suplemento ideal para mantener tu cerebro activo y tu cuerpo en equilibrio. Máxima Concentración: Potencia la función cerebral, el aprendizaje y la memoria. Corazón Protegido: Ayuda a regular los niveles de colesterol y glucosa en la sangre. Visión Saludable: Previene la sequedad ocular y problemas como la degeneración macular. Bienestar Emocional: Contribuye a mejorar el estado de ánimo, disminuyendo síntomas de angustia. Cuidado Cognitivo: Su fórmula con Colina ayuda a prevenir el deterioro cognitivo a largo plazo. Detalles del producto: Fórmula Completa: Omega 3, 6 y 9 (DHA-EPA), Colina, B12 y Potasio. Contenido: 130 gomitas. Dosis: Solo 3 gomitas diarias. Garantía: Registro Sanitario G7704424N. Libre de gluten, lactosa y GMO. ¡Dale a tu cerebro el combustible que necesita para brillar!",130 gomitas,Multivitamin Supplements,gomitas-omega-3-6-y-9-sottcor-dha-epa-y-colina-130-gomitas,103
Gomitas de Orégano Sottcor - Beneficio Natural (130 Gomitas),60.0,48.0,"¡Protección natural y alivio para tu sistema digestivo! ¿Sufres de pesadez o molestias estomacales constantes? Nuestras gomitas de Orégano son un potente aliado natural diseñado para combatir bacterias y mejorar tu salud digestiva de forma práctica y deliciosa. Acción Antibacterial: Contiene carvacrol y thymol, que ayudan a combatir bacterias asociadas a la gastritis. Alivio Digestivo: Favorece la digestión y ayuda a reducir gases o la distensión abdominal. Efecto Antiinflamatorio: Disminuye la irritación e inflamación del tracto digestivo. Defensa Natural: Posee propiedades antivirales y antifúngicas que apoyan frente a virus comunes y hongos como Candida albicans. Poder Antioxidante: Rico en flavonoides que protegen tu mucosa gástrica frente al estrés oxidativo. Detalles del producto: Contenido: 130 gomitas. Modo de consumo: 3 gomitas diarias. Garantía: Registro Sanitario G7720025N. Certificaciones: Libre de gluten, lactosa y GMO. ¡Recupera tu bienestar estomacal con el poder del orégano!",130 gomitas,Herbal Supplements,gomitas-de-oregano-sottcor-beneficio-natural-130-gomitas,100
Gomitas Sottcor Kids - Calcio + Vitamina D y Ácido Fólico (130 Gomitas),60.0,48.0,"¡Huesos fuertes y sonrisas sanas para los más pequeños! ¿Quieres asegurar el mejor crecimiento para tus hijos? Nuestras gomitas infantiles están diseñadas para fortalecer su estructura ósea y dental de forma divertida y deliciosa. La combinación perfecta de nutrientes esenciales para su etapa de desarrollo. Crecimiento Óseo: Estimula el fortalecimiento y la mineralización de los huesos, vital en la infancia y adolescencia. Salud Dental: Ayuda a mantener dientes fuertes, sanos y protegidos. Función Muscular: Aporta los nutrientes cruciales para una adecuada contracción y movimiento muscular. Salud Celular: El ácido fólico estimula el crecimiento celular y favorece el desarrollo de tejidos fuertes. Absorción Optimizada: La Vitamina D asegura que el calcio se absorba correctamente para una máxima efectividad. Detalles del producto: Contenido: 130 gomitas. Garantía: Registro Sanitario G7707024N. Vida Útil: 2 años. Modo de consumo por edad: 1 a 3 años: 1 gomita diaria. 4 a 8 años: 2 gomitas diarias. 9 a 16 años: 3 gomitas diarias. ¡Dales el soporte que necesitan para crecer grandes y fuertes!",130 gomitas,Multivitamin Supplements,gomitas-sottcor-kids-calcio-vitamina-d-y-acido-folico-130-gomitas,100
Gomitas GOFOS Kids - Fibra Prebiótica y Probióticos (130 Gomitas),60.0,48.0,"¡Pancitas felices y niños más fuertes! ¿Quieres mejorar la digestión de tus pequeños y proteger su salud? Nuestras gomitas GOFOS Kids son la forma más rica de cuidar su microbiota. Gracias a su combinación de fibras y probióticos, ayudan a que tus hijos crezcan sanos y con mucha energía. Digestión Saludable: Ayuda a mantener un sistema digestivo regular y libre de pesadez. Equilibrio Interno: Incrementa las bacterias beneficiosas en el intestino para una mejor salud general. Súper Defensas: Fortalece el sistema inmunológico, ayudando a los niños a resistir mejor las enfermedades. Mejor Nutrición: Facilita la absorción de vitaminas y minerales esenciales, promoviendo un crecimiento óptimo. Protección Activa: Los probióticos defienden su organismo contra microorganismos nocivos. Detalles del producto: Contenido: 130 gomitas. Garantía: Registro Sanitario G7709424N. Vida Útil: 2 años. Dosis recomendada por edad: 1 a 3 años: 1 gomita diaria. 4 a 8 años: 2 gomitas diarias. 9 a 16 años: 3 gomitas diarias. ¡El aliado perfecto para el bienestar diario de tus hijos!",130 gomitas,Digestive Supplements,gomitas-gofos-kids-fibra-prebiotica-y-probioticos-130-gomitas,100
Gomitas BUENAS NOCHES Kids Sottcor - Dulces Sueños (130 Gomitas),60.0,48.0,"¡Noches tranquilas para un despertar lleno de alegría! ¿A tus pequeños les cuesta desconectarse al final del día? Nuestras gomitas BUENAS NOCHES Kids son la solución natural para ayudar a los niños a conciliar el sueño en un ambiente de calma y relajación. Regulación del Sueño: Facilita que los niños concilien el sueño de manera natural y rápida. Relajación Natural: Promueve un estado de tranquilidad que facilita un descanso profundo. Apoyo Emocional: Ayuda a reducir la ansiedad y el estrés del día, creando un ambiente sereno para dormir. Refuerzo Inmunológico: Dormir bien fortalece la función inmunológica de tus hijos. Ambiente Tranquilo: Disminuye la inquietud antes de acostarse, favoreciendo un mejor descanso para toda la familia. Detalles del producto: Ingredientes Naturales: Enriquecidas con extractos de Valeriana y Manzanilla. Contenido: 130 gomitas. Garantía: Registro Sanitario G7705024N. Vida Útil: 2 años. Modo de consumo sugerido: De 1.5 a 16 años: 1 a 2 gomitas antes de dormir. ¡Dales el descanso que su cuerpo y mente necesitan para crecer felices!",130 gomitas,Herbal Supplements,gomitas-buenas-noches-kids-sottcor-dulces-suenos-130-gomitas,100
‍ Gomitas Sottcor Kids - Zinc + Vit. C + D3 + Betaglucano (130 Gomitas),60.0,48.0,"¡Fortalece las defensas de tu pequeño superhéroe! ¿Quieres proteger a tus hijos frente a los cambios de clima y virus? Nuestras gomitas de Zinc y Betaglucano son la fórmula definitiva para mantener su sistema inmunológico alerta y acelerar su recuperación natural. Sistema Inmune de Hierro: Mejora la función inmunológica para ayudar a combatir infecciones de forma más eficaz. Cicatrización Rápida: Favorece la regeneración celular y acelera la cicatrización de tejidos. Desarrollo Celular: Nutrientes esenciales para la formación del ADN y la regeneración de nuevas células. Poder Betaglucano: Favorece la respuesta del organismo ante patógenos externos, manteniendo una salud equilibrada. Refuerzo con Vitamina D3: Apoya la absorción de nutrientes y el bienestar general del sistema óseo. Detalles del producto: Contenido: 130 gomitas. Garantía: Registro Sanitario G7704624N. Vida Útil: 2 años. Modo de consumo sugerido: 1.5 a 3 años: 1 gomita diaria. 4 a 8 años: 2 gomitas diarias. 9 a 16 años: 3 gomitas diarias. ¡Dale a tus hijos la protección que necesitan para brillar con salud!",130 gomitas,Multivitamin Supplements,gomitas-sottcor-kids-zinc-vit-c-d3-betaglucano-130-gomitas,100
Gomitas Sottcor Kids - Multivitamínico Completo (130 Gomitas),60.0,48.0,"¡Nutrición completa para pequeños llenos de energía! ¿Quieres asegurarte de que tus hijos reciban todas las vitaminas que necesitan? Nuestras gomitas VITAMINAS Kids son el complemento nutricional ideal para cubrir deficiencias en la dieta diaria, apoyando su crecimiento y manteniéndolos siempre activos. Energía Constante: El Complejo B convierte los alimentos en energía, manteniendo a los niños activos durante todo el día. Defensas Imbatibles: La Vitamina C fortalece el sistema inmunológico, protegiéndolos contra infecciones y favoreciendo una recuperación más rápida. Crecimiento y Músculos: La Vitamina E promueve una recuperación celular veloz y apoya el desarrollo muscular y el crecimiento. Regeneración Celular: La Vitamina A favorece la salud de los tejidos y el fortalecimiento del sistema de defensas. Nutrición Integral: Ayuda a cubrir las brechas nutricionales de la dieta diaria de forma rica y sencilla. Detalles del producto: Fórmula Reforzada: Complejo B (B1, B2, B6, B9, B12), Vitaminas A, D, C y E. Contenido: 130 gomitas. Garantía: Registro Sanitario G7704724N. Vida Útil: 2 años. Modo de consumo sugerido: 1.5 a 3 años: 1 gomita diaria. 4 a 8 años: 2 gomitas diarias. 9 a 16 años: 3 gomitas diarias. ¡La base diaria para un crecimiento saludable y divertido!",130 gomitas,Multivitamin Supplements,gomitas-sottcor-kids-multivitaminico-completo-130-gomitas,100
Gomitas Sottcor Kids - Zinc Quelado + Magnesio y Selenio (130 Gomitas),60.0,48.0,"¡Protección total y energía para el crecimiento de tus hijos! ¿Buscas un refuerzo completo para la salud de tus pequeños? Nuestras gomitas combinan Zinc Quelado y Magnesio con poderosos antioxidantes para asegurar que crezcan protegidos, con huesos fuertes y una piel saludable. Defensas Activas: El betaglucano y el zinc refuerzan el sistema inmunológico para combatir infecciones con mayor eficacia. Huesos en Desarrollo: El magnesio es esencial para el sano desarrollo y fortalecimiento del sistema óseo. Recuperación Veloz: Promueve una cicatrización más rápida y efectiva de heridas y raspaduras. Protección Celular: El selenio y la vitamina C actúan como potentes antioxidantes, protegiendo las células del daño oxidativo. Piel Saludable: Ayuda a mantener la piel sana y es un excelente apoyo natural para tratar el acné juvenil. Detalles del producto: Fórmula Avanzada: Zinc Quelado, Magnesio, Betaglucano, Vitamina C y Selenio. Contenido: 130 gomitas. Garantía: Registro Sanitario G7705324N. Vida Útil: 2 años. Modo de consumo por edad: 1.5 a 3 años: 1 gomita diaria. 4 a 8 años: 2 gomitas diarias. 9 a 16 años: 3 gomitas diarias. ¡El escudo protector que tus hijos necesitan cada día!",130 gomitas,Multivitamin Supplements,gomitas-sottcor-kids-zinc-quelado-magnesio-y-selenio-130-gomitas,100
Gomitas Sottcor Kids - Omega 3 + DHA + EPA + ARA (130 Gomitas),60.0,48.0,"¡Nutrición inteligente para mentes brillantes! ¿Quieres potenciar el aprendizaje y la concentración de tus hijos? Nuestras gomitas Omega 3 Kids son el aliado perfecto para el desarrollo cerebral. Con una fórmula completa que incluye DHA, EPA y Colina, les brindas el soporte necesario para que brillen en cada etapa de su crecimiento. Salud Cerebral: Mejora significativamente la función cognitiva y la memoria. Aprendizaje Potenciado: Estimula la capacidad de aprendizaje y retención de información. Bienestar en el TDAH: Funciona como un apoyo en el tratamiento del TDAH, potenciando el rendimiento y el bienestar emocional. Soporte en Autismo: Refuerza el tratamiento de niños con autismo, promoviendo mayor autonomía y capacidad de aprendizaje. Protección Respiratoria: Ayuda en la prevención de crisis asmáticas, protegiendo su respiración y salud general. Detalles del producto: Fórmula Premium: Omega 3, DHA, EPA, ARA, Colina, Vitamina B12 y Potasio. Contenido: 130 gomitas. Garantía: Registro Sanitario G7704324N. Vida Útil: 2 años. Modo de consumo sugerido: 1.5 a 3 años: 1 gomita diaria. 4 a 8 años: 2 gomitas diarias. 9 a 16 años: 3 gomitas diarias. ¡Impulsa el potencial de tus hijos con la mejor nutrición cerebral!",130 gomitas,Amino Acids,gomitas-sottcor-kids-omega-3-dha-epa-ara-130-gomitas,100
Gomitas Sottcor Kids - Citrato de Magnesio (130 Gomitas),60.0,48.0,"¡Músculos fuertes, mente tranquila y descanso reparador! ¿Tus pequeños son muy activos o les cuesta relajarse al final del día? Nuestras gomitas de Citrato de Magnesio son el aliado esencial para equilibrar su energía, fortalecer sus huesos y asegurar que despierten con la mejor actitud. Regulación del Estrés: Ayuda a reducir el estrés y la ansiedad, promoviendo calma y equilibrio emocional. Relajación Muscular: Reduce calambres y espasmos musculares, ideal para niños en constante movimiento. Fortalecimiento Óseo: Un nutriente clave que ayuda en el crecimiento de huesos fuertes y saludables. Mejora el Sueño: Favorece la relajación profunda para un sueño reparador, esencial para su crecimiento. Salud Digestiva: Ayuda a aliviar el estreñimiento, favoreciendo un tránsito intestinal regular y saludable. Detalles del producto: Contenido: 130 gomitas. Garantía: Registro Sanitario G7703624N. Vida Útil: 2 años. Modo de consumo sugerido: 1.5 a 3 años: 1 gomita diaria. 4 a 8 años: 2 gomitas diarias. 9 a 16 años: 3 gomitas diarias. ¡El soporte mineral que su crecimiento necesita!",130 gomitas,Minerals,gomitas-sottcor-kids-citrato-de-magnesio-130-gomitas,100
Gomitas Sottcor Kids - Propóleo + Eucalipto y Menta (130 Gomitas),60.0,48.0,"¡Protección natural para que nada detenga sus aventuras! ¿Quieres reforzar las defensas respiratorias de tus hijos de forma natural? Nuestras gomitas combinan el poder del Propóleo y una selección de hierbas tradicionales para mantener sus vías respiratorias despejadas y protegidas frente a los cambios de clima. Alivio Respiratorio: Reduce los síntomas de tos y resfriados, ayudando a que respiren mucho mejor. Refuerzo Inmunológico: El propóleo fortalece el sistema inmunológico, aumentando la resistencia ante enfermedades comunes. Adiós a la Congestión: El eucalipto y la menta ayudan a aliviar los síntomas de congestión y problemas respiratorios. Escudo Antioxidante: Sus ingredientes naturales protegen las células del daño oxidativo. Efecto Antiinflamatorio: El jengibre y el clavo de olor ayudan a disminuir la inflamación y las irritaciones en el cuerpo. Detalles del producto: Ingredientes Naturales: Propóleo, Eucalipto, Ajos, Menta, Jengibre y Clavo de Olor. Contenido: 130 gomitas. Garantía: Registro Sanitario G7706324N. Vida Útil: 2 años. Modo de consumo sugerido: 1.5 a 3 años: 1 gomita diaria. 4 a 8 años: 2 gomitas diarias. 9 a 16 años: 3 gomitas diarias. ¡Protección herbal deliciosa para cada día!",130 gomitas,Herbal Supplements,gomitas-sottcor-kids-propoleo-eucalipto-y-menta-130-gomitas,100
Gomitas Sottcor Kids - Hierro + Moringa y Vitamina C (130 Gomitas),60.0,48.0,"¡Energía y vitalidad para un crecimiento sin límites! ¿Quieres proteger a tus hijos de la anemia y verlos siempre activos? Nuestras gomitas de Hierro están enriquecidas con Aceite de Moringa y Vitamina C, la combinación perfecta para asegurar una absorción máxima y un desarrollo saludable. Combate la Anemia: Ayuda directamente en el tratamiento de la anemia y favorece su prevención efectiva. Desarrollo Cognitivo: Mejora significativamente la concentración y el rendimiento escolar de los niños. Más Energía: Asegura un flujo adecuado de oxígeno en el cuerpo, incrementando los niveles de energía vital. Apetito Saludable: Contribuye a mantener un apetito normal y saludable para una mejor nutrición. Máxima Absorción: Gracias a la Vitamina C, la biodisponibilidad del hierro aumenta, permitiendo que el cuerpo lo aproveche mejor. Detalles del producto: Fórmula Reforzada: Hierro, Aceite de Moringa, Vitamina C, B9 y B12. Contenido: 130 gomitas. Garantía: Registro Sanitario G7703924N. Vida Útil: 2 años. Modo de consumo sugerido: 1.5 a 3 años: 1 gomita diaria. 4 a 8 años: 2 gomitas diarias. 9 a 16 años: 3 gomitas diarias. ¡Dale a tus hijos la fuerza que necesitan para comerse el mundo!",130 gomitas,Multivitamin Supplements,gomitas-sottcor-kids-hierro-moringa-y-vitamina-c-130-gomitas,100
